NumeroArchivio,ImmagineRecto (guess),ImmagineVerso (guess),Compound/ambiguous?
1913 pc387,1913 pc387.jpg,1913 pc387 verso.jpg,
1917 pa9,1917 pa9.jpg,1917 pa9 verso.jpg,
1917 pc280,1917 pc280.jpg,1917 pc280 verso.jpg,
1918 pa5,1918 pa5.jpg,1918 pa5 verso.jpg,
1918 pa1,1918 pa1.jpg,1918 pa1 verso.jpg,
1919 pa11,1919 pa11.jpg,1919 pa11 verso.jpg,
1919 pa8,1919 pa8.jpg,1919 pa8 verso.jpg,
1919 pa2,1919 pa2.jpg,1919 pa2 verso.jpg,
1923 pa15,1923 pa15.jpg,1923 pa15 verso.jpg,
1923 p251,1923 p251.jpg,1923 p251 verso.jpg,
1923 p20,1923 p20.jpg,1923 p20 verso.jpg,
1924 p304 (a),1924 p304 (a).jpg,1924 p304 (a) verso.jpg,
1923 p304 (b),1923 p304 (b).jpg,1923 p304 (b) verso.jpg,
1924 p239,1924 p239.jpg,1924 p239 verso.jpg,
1924 p99 (a) e (b),1924 p99 (a) e (b).jpg,1924 p99 (a) e (b) verso.jpg,YES - verify manually
1924 p150,1924 p150.jpg,1924 p150 verso.jpg,
1924 p98,1924 p98.jpg,1924 p98 verso.jpg,
1924 p276,1924 p276.jpg,1924 p276 verso.jpg,
SN13,SN13.jpg,SN13 verso.jpg,
1924 p 98,1924 p 98.jpg,1924 p 98 verso.jpg,
1924 p 101 (a) e (b),1924 p 101 (a) e (b).jpg,1924 p 101 (a) e (b) verso.jpg,YES - verify manually
1924 p224,1924 p224.jpg,1924 p224 verso.jpg,
1924 p 306 (a),1924 p 306 (a).jpg,1924 p 306 (a) verso.jpg,
1924 p 278 (a) - 1930 p278 (b),1924 p 278 (a) - 1930 p278 (b).jpg,1924 p 278 (a) - 1930 p278 (b) verso.jpg,YES - verify manually
1925 p220,1925 p220.jpg,1925 p220 verso.jpg,
1925 d 673,1925 d 673.jpg,1925 d 673 verso.jpg,
1925 p 232,1925 p 232.jpg,1925 p 232 verso.jpg,
1925 p277 (a) e (b),1925 p277 (a) e (b).jpg,1925 p277 (a) e (b) verso.jpg,YES - verify manually
1925 p175,1925 p175.jpg,1925 p175 verso.jpg,
1925 p254,1925 p254.jpg,1925 p254 verso.jpg,
1925 p174,1925 p174.jpg,1925 p174 verso.jpg,
1925 p226,1925 p226.jpg,1925 p226 verso.jpg,
1925 p281,1925 p281.jpg,1925 p281 verso.jpg,
1925 SN 6 (P 12),1925 SN 6 (P 12).jpg,1925 SN 6 (P 12) verso.jpg,
1926 p307,1926 p307.jpg,1926 p307 verso.jpg,
1926 p19,1926 p19.jpg,1926 p19 verso.jpg,
1926 p100,1926 p100.jpg,1926 p100 verso.jpg,
1926 d31,1926 d31.jpg,1926 d31 verso.jpg,
1926 pa14,1926 pa14.jpg,1926 pa14 verso.jpg,
1926 p225,1926 p225.jpg,1926 p225 verso.jpg,
1926 p303,1926 p303.jpg,1926 p303 verso.jpg,
1926 p240,1926 p240.jpg,1926 p240 verso.jpg,
1926 p25,1926 p25.jpg,1926 p25 verso.jpg,
1927 p 65 (a) e (b),1927 p 65 (a) e (b).jpg,1927 p 65 (a) e (b) verso.jpg,YES - verify manually
1927 p24,1927 p24.jpg,1927 p24 verso.jpg,
1927 pa7,1927 pa7.jpg,1927 pa7 verso.jpg,
1927 pa13,1927 pa13.jpg,1927 pa13 verso.jpg,
1927 pa6,1927 pa6.jpg,1927 pa6 verso.jpg,
1927 p252,1927 p252.jpg,1927 p252 verso.jpg,
1927 p122,1927 p122.jpg,1927 p122 verso.jpg,
1927 p223,1927 p223.jpg,1927 p223 verso.jpg,
1927 pa3,1927 pa3.jpg,1927 pa3 verso.jpg,
1927 pa10,1927 pa10.jpg,1927 pa10 verso.jpg,
1927 p263,1927 p263.jpg,1927 p263 verso.jpg,
1927 p264,1927 p264.jpg,1927 p264 verso.jpg,
1927 p14,1927 p14.jpg,1927 p14 verso.jpg,
1927 p21,1927 p21.jpg,1927 p21 verso.jpg,
1927 p308 (a) e (b),1927 p308 (a) e (b).jpg,1927 p308 (a) e (b) verso.jpg,YES - verify manually
1927 p269,1927 p269.jpg,1927 p269 verso.jpg,
1927 p267,1927 p267.jpg,1927 p267 verso.jpg,
1927 p95,1927 p95.jpg,1927 p95 verso.jpg,
1927 p183,1927 p183.jpg,1927 p183 verso.jpg,
1927 p68,1927 p68.jpg,1927 p68 verso.jpg,
1928 p161,1928 p161.jpg,1928 p161 verso.jpg,
1928 p162,1928 p162.jpg,1928 p162 verso.jpg,
senza data p151,senza data p151.jpg,senza data p151 verso.jpg,
1928 p268,1928 p268.jpg,1928 p268 verso.jpg,
1928 p104,1928 p104.jpg,1928 p104 verso.jpg,
1928 p318,1928 p318.jpg,1928 p318 verso.jpg,
1928 p114,1928 p114.jpg,1928 p114 verso.jpg,
1928 p256,1928 p256.jpg,1928 p256 verso.jpg,
1928 pa14,1928 pa14.jpg,1928 pa14 verso.jpg,
1929 p253,1929 p253.jpg,1929 p253 verso.jpg,
1929 p262,1929 p262.jpg,1929 p262 verso.jpg,
1929 p222,1929 p222.jpg,1929 p222 verso.jpg,
1929 p227,1929 p227.jpg,1929 p227 verso.jpg,
1929 p117,1929 p117.jpg,1929 p117 verso.jpg,
1929 p305,1929 p305.jpg,1929 p305 verso.jpg,
1929 p265,1929 p265.jpg,1929 p265 verso.jpg,
1929 p272,1929 p272.jpg,1929 p272 verso.jpg,
1929 p103,1929 p103.jpg,1929 p103 verso.jpg,
1929 p94,1929 p94.jpg,1929 p94 verso.jpg,
1929 p40,1929 p40.jpg,1929 p40 verso.jpg,
1929 p225,1929 p225.jpg,1929 p225 verso.jpg,
1929 p261,1929 p261.jpg,1929 p261 verso.jpg,
1929 p105,1929 p105.jpg,1929 p105 verso.jpg,
fine anni Venti p23 (a) e (b),fine anni Venti p23 (a) e (b).jpg,fine anni Venti p23 (a) e (b) verso.jpg,YES - verify manually
1929 p259,1929 p259.jpg,1929 p259 verso.jpg,
1929 p133,1929 p133.jpg,1929 p133 verso.jpg,
1929 p274,1929 p274.jpg,1929 p274 verso.jpg,
1930 p238,1930 p238.jpg,1930 p238 verso.jpg,
1930 p22,1930 p22.jpg,1930 p22 verso.jpg,
1930 p233,1930 p233.jpg,1930 p233 verso.jpg,
1930 p302,1930 p302.jpg,1930 p302 verso.jpg,
1930 p152,1930 p152.jpg,1930 p152 verso.jpg,
1930 p273,1930 p273.jpg,1930 p273 verso.jpg,
1930 p258,1930 p258.jpg,1930 p258 verso.jpg,
1930 p257,1930 p257.jpg,1930 p257 verso.jpg,
1930 p260,1930 p260.jpg,1930 p260 verso.jpg,
1930 p310,1930 p310.jpg,1930 p310 verso.jpg,
1930 p132,1930 p132.jpg,1930 p132 verso.jpg,
1930 p270,1930 p270.jpg,1930 p270 verso.jpg,
1930 p106,1930 p106.jpg,1930 p106 verso.jpg,
1930 p115,1930 p115.jpg,1930 p115 verso.jpg,
1930 p119,1930 p119.jpg,1930 p119 verso.jpg,
Anni Trenta pc438,Anni Trenta pc438.jpg,Anni Trenta pc438 verso.jpg,
1931 p319,1931 p319.jpg,1931 p319 verso.jpg,
1931,1931.jpg,1931 verso.jpg,
1931 p271,1931 p271.jpg,1931 p271 verso.jpg,
1931 p299,1931 p299.jpg,1931 p299 verso.jpg,
1932 p301,1932 p301.jpg,1932 p301 verso.jpg,
1932 p113,1932 p113.jpg,1932 p113 verso.jpg,
1932 s0,1932 s0.jpg,1932 s0 verso.jpg,
1932 s0/a,1932 s0_a.jpg,1932 s0_a verso.jpg,
1932 p275,1932 p275.jpg,1932 p275 verso.jpg,
1934 pc386,1934 pc386.jpg,1934 pc386 verso.jpg,
1934 p266,1934 p266.jpg,1934 p266 verso.jpg,
1934 p464,1934 p464.jpg,1934 p464 verso.jpg,
1934 p309,1934 p309.jpg,1934 p309 verso.jpg,
1934 pCT,1934 pCT.jpg,1934 pCT verso.jpg,
1934 p108,1934 p108.jpg,1934 p108 verso.jpg,
1934 p121,1934 p121.jpg,1934 p121 verso.jpg,
1934,1934.jpg,1934 verso.jpg,
1934 p320,1934 p320.jpg,1934 p320 verso.jpg,
p60/G,p60_G.jpg,p60_G verso.jpg,
1934 p102,1934 p102.jpg,1934 p102 verso.jpg,
1934 p378,1934 p378.jpg,1934 p378 verso.jpg,
p364,p364.jpg,p364 verso.jpg,
p357,p357.jpg,p357 verso.jpg,
